nomeDeUsuario,numero,nome,conteudo,status,nroPagina
lucas,5,Pokemon #5,Descricao,0,1
lucas,12,Pokemon #12,Descricao,0,2
lucas,14,Pokemon #14,Descricao,0,2
lucas,10,Pokemon #10,Descricao,0,1
lucas,20,Pokemon #20,Descricao,0,2
lucas,16,Pokemon #16,Descricao,0,2
lucas,15,Beedrill,Poison Bee Pokémon,0,2
lucas,20,Raticate,Mouse Pokémon,0,2
lucas,6,Charizard,Flame Pokémon,0,1
lucas,15,Beedrill,Poison Bee Pokémon,0,2
lucas,8,Wartortle,Turtle Pokémon,0,1
lucas,16,Pidgey,Tiny Bird Pokémon,0,2
lucas,10,Caterpie,Worm Pokémon,0,1
lucas,13,Weedle,Hairy Bug Pokémon,0,2
lucas,15,Beedrill,Poison Bee Pokémon,0,2
